-- phpMyAdmin SQL Dump
-- version 5.0.2
-- https://www.phpmyadmin.net/
--
-- Máy chủ: 127.0.0.1
-- Thời gian đã tạo: Th12 28, 2020 lúc 03:41 PM
-- Phiên bản máy phục vụ: 10.4.14-MariaDB
-- Phiên bản PHP: 7.4.10

SET SQL_MODE = "NO_AUTO_VALUE_ON_ZERO";
START TRANSACTION;
SET time_zone = "+00:00";


/*!40101 SET @OLD_CHARACTER_SET_CLIENT=@@CHARACTER_SET_CLIENT */;
/*!40101 SET @OLD_CHARACTER_SET_RESULTS=@@CHARACTER_SET_RESULTS */;
/*!40101 SET @OLD_COLLATION_CONNECTION=@@COLLATION_CONNECTION */;
/*!40101 SET NAMES utf8mb4 */;

--
-- Cơ sở dữ liệu: `smart_home`
--

-- --------------------------------------------------------

--
-- Cấu trúc bảng cho bảng `account`
--

CREATE TABLE `account` (
  `id` int(10) UNSIGNED NOT NULL,
  `username` varchar(50) NOT NULL,
  `password` varchar(50) NOT NULL,
  `name` varchar(50) NOT NULL
) ENGINE=InnoDB DEFAULT CHARSET=utf8mb4;

--
-- Đang đổ dữ liệu cho bảng `account`
--

INSERT INTO `account` (`id`, `username`, `password`, `name`) VALUES
(1, 'duongnd', '123456', 'Nguyen Dinh Duong'),
(2, 'sonbanana', '123456', 'Pham Hong Son');

-- --------------------------------------------------------

--
-- Cấu trúc bảng cho bảng `device`
--

CREATE TABLE `device` (
  `id` int(10) UNSIGNED NOT NULL,
  `type` float NOT NULL,
  `owner_id` int(10) UNSIGNED NOT NULL,
  `time_stamp` varchar(2500) DEFAULT NULL,
  `duration` int(11) DEFAULT NULL,
  `permission` varchar(20) DEFAULT NULL
) ENGINE=InnoDB DEFAULT CHARSET=utf8mb4;

--
-- Đang đổ dữ liệu cho bảng `device`
--

INSERT INTO `device` (`id`, `type`, `owner_id`, `time_stamp`, `duration`, `permission`) VALUES
(1, 1, 1, NULL, NULL, NULL),
(2, 2, 1, NULL, NULL, NULL),
(3, 3, 1, NULL, NULL, NULL),
(4, 1, 1, NULL, NULL, NULL),
(69, 2, 1, NULL, NULL, NULL),
(96, 3, 1, NULL, NULL, NULL),
(98, 3, 1, NULL, NULL, NULL),
(99, 3, 1, NULL, NULL, NULL),
(100, 3, 1, NULL, NULL, NULL),
(101, 3, 1, NULL, NULL, NULL),
(102, 3, 1, NULL, NULL, NULL),
(103, 3, 1, NULL, NULL, NULL);

-- --------------------------------------------------------

--
-- Cấu trúc bảng cho bảng `device_info`
--

CREATE TABLE `device_info` (
  `id` int(10) UNSIGNED NOT NULL,
  `device_id` int(10) UNSIGNED NOT NULL,
  `value` double DEFAULT NULL,
  `time_stamp` varchar(2500) DEFAULT NULL,
  `duration` int(11) DEFAULT NULL,
  `permission` varchar(20) DEFAULT NULL
) ENGINE=InnoDB DEFAULT CHARSET=utf8mb4;

--
-- Đang đổ dữ liệu cho bảng `device_info`
--

INSERT INTO `device_info` (`id`, `device_id`, `value`, `time_stamp`, `duration`, `permission`) VALUES
(3274, 1, 0, '12345', NULL, NULL),
(3275, 69, 11.730206, '19920', NULL, NULL),
(3276, 69, 11.730206, '21920', NULL, NULL),
(3277, 69, 11.730206, '23920', NULL, NULL),
(3278, 69, 11.730206, '25920', NULL, NULL),
(3279, 69, 11.730206, '27920', NULL, NULL),
(3280, 69, 11.534702, '29920', NULL, NULL),
(3281, 69, 11.730206, '31920', NULL, NULL),
(3282, 69, 11.730206, '33920', NULL, NULL),
(3283, 69, 60.801567, '35920', NULL, NULL),
(3284, 69, 100.097748, '37920', NULL, NULL),
(3285, 69, 100.097748, '39920', NULL, NULL),
(3286, 69, 41.153469, '41920', NULL, NULL),
(3287, 69, 35.483871, '43920', NULL, NULL),
(3288, 69, 33.040081, '45920', NULL, NULL),
(3289, 69, 31.867058, '47920', NULL, NULL),
(3290, 69, 31.085045, '49920', NULL, NULL),
(3291, 69, 31.182796, '51920', NULL, NULL),
(3292, 69, 29.130009, '53920', NULL, NULL),
(3293, 69, 29.325512, '55920', NULL, NULL),
(3294, 69, 28.152493, '57920', NULL, NULL),
(3295, 69, 27.859238, '59920', NULL, NULL),
(3296, 69, 27.565983, '61920', NULL, NULL),
(3297, 69, 26.979473, '63920', NULL, NULL),
(3298, 69, 26.588467, '65920', NULL, NULL),
(3299, 69, 25.904202, '67920', NULL, NULL),
(3300, 69, 25.80645, '69920', NULL, NULL),
(3301, 69, 25.317692, '71920', NULL, NULL),
(3302, 69, 25.024437, '73920', NULL, NULL),
(3303, 69, 24.731182, '75920', NULL, NULL),
(3304, 69, 24.340176, '77920', NULL, NULL),
(3305, 69, 24.242424, '79920', NULL, NULL),
(3306, 69, 24.046921, '81920', NULL, NULL),
(3307, 69, 23.753666, '83920', NULL, NULL),
(3308, 69, 23.460411, '85920', NULL, NULL),
(3309, 69, 22.971653, '87920', NULL, NULL),
(3310, 69, 22.482893, '89920', NULL, NULL),
(3311, 69, 22.385141, '91920', NULL, NULL),
(3312, 69, 22.28739, '93920', NULL, NULL),
(3313, 69, 21.896383, '95920', NULL, NULL),
(3314, 69, 21.70088, '97920', NULL, NULL),
(3315, 69, 21.407625, '99920', NULL, NULL),
(3316, 69, 21.212122, '101920', NULL, NULL),
(3317, 69, 21.212122, '103920', NULL, NULL),
(3318, 69, 21.11437, '105920', NULL, NULL),
(3319, 69, 21.212122, '107920', NULL, NULL),
(3320, 69, 20.918865, '109920', NULL, NULL),
(3321, 69, 20.430107, '111920', NULL, NULL),
(3322, 69, 20.332355, '113920', NULL, NULL),
(3323, 69, 20.332355, '115920', NULL, NULL),
(3324, 69, 20.234604, '117920', NULL, NULL),
(3325, 69, 20.039101, '119920', NULL, NULL),
(3326, 69, 19.648094, '121920', NULL, NULL),
(3327, 69, 19.550343, '123920', NULL, NULL),
(3328, 69, 19.354837, '125920', NULL, NULL),
(3329, 69, 19.354837, '127920', NULL, NULL),
(3330, 69, 19.257086, '129920', NULL, NULL),
(3331, 69, 19.159334, '131920', NULL, NULL),
(3332, 69, 19.061583, '133920', NULL, NULL),
(3333, 69, 18.768328, '135920', NULL, NULL),
(3334, 69, 18.866079, '137920', NULL, NULL),
(3335, 69, 18.572824, '139920', NULL, NULL),
(3336, 69, 18.572824, '141920', NULL, NULL),
(3337, 69, 18.377321, '143920', NULL, NULL),
(3338, 69, 18.475073, '145920', NULL, NULL),
(3339, 69, 18.27957, '147920', NULL, NULL),
(3340, 69, 18.181818, '149920', NULL, NULL),
(3341, 69, 17.790812, '151920', NULL, NULL),
(3342, 69, 17.888563, '153920', NULL, NULL),
(3343, 69, 17.790812, '155920', NULL, NULL),
(3344, 69, 17.790812, '157920', NULL, NULL),
(3345, 69, 17.69306, '159920', NULL, NULL),
(3346, 69, 17.595308, '161920', NULL, NULL),
(3347, 69, 17.399805, '163920', NULL, NULL),
(3348, 69, 17.302053, '165920', NULL, NULL),
(3349, 69, 17.204302, '167920', NULL, NULL),
(3350, 69, 17.204302, '169920', NULL, NULL),
(3351, 69, 17.204302, '171920', NULL, NULL),
(3352, 69, 17.204302, '173920', NULL, NULL),
(3353, 69, 16.911047, '175920', NULL, NULL),
(3354, 69, 16.813295, '177920', NULL, NULL),
(3355, 69, 16.813295, '179920', NULL, NULL),
(3356, 69, 16.715544, '181920', NULL, NULL),
(3357, 69, 16.617792, '183920', NULL, NULL),
(3358, 69, 16.617792, '185920', NULL, NULL),
(3359, 69, 16.617792, '187920', NULL, NULL),
(3360, 69, 16.520041, '189920', NULL, NULL),
(3361, 69, 16.422289, '191920', NULL, NULL),
(3362, 69, 16.422289, '193920', NULL, NULL),
(3363, 69, 16.422289, '195920', NULL, NULL),
(3364, 69, 16.226784, '197920', NULL, NULL),
(3365, 69, 16.226784, '199920', NULL, NULL),
(3366, 69, 16.422289, '201920', NULL, NULL),
(3367, 69, 16.129032, '203920', NULL, NULL),
(3368, 69, 16.129032, '205920', NULL, NULL),
(3369, 69, 16.031281, '207920', NULL, NULL),
(3370, 69, 15.933529, '209920', NULL, NULL),
(3371, 69, 15.835777, '211920', NULL, NULL),
(3372, 69, 15.835777, '213920', NULL, NULL),
(3373, 69, 15.835777, '215920', NULL, NULL),
(3374, 69, 15.835777, '217920', NULL, NULL),
(3375, 69, 15.835777, '219920', NULL, NULL),
(3376, 69, 15.835777, '221920', NULL, NULL),
(3377, 69, 15.738026, '223920', NULL, NULL),
(3378, 69, 15.738026, '225920', NULL, NULL),
(3379, 69, 15.738026, '227920', NULL, NULL),
(3380, 69, 15.640274, '229920', NULL, NULL),
(3381, 69, 15.640274, '231920', NULL, NULL),
(3382, 69, 15.542522, '233920', NULL, NULL),
(3383, 69, 15.444771, '235920', NULL, NULL),
(3384, 69, 15.542522, '237920', NULL, NULL),
(3385, 69, 15.542522, '239920', NULL, NULL),
(3386, 69, 15.444771, '241920', NULL, NULL),
(3387, 69, 15.444771, '243920', NULL, NULL),
(3388, 69, 15.444771, '245920', NULL, NULL),
(3389, 69, 15.347019, '247920', NULL, NULL),
(3390, 69, 15.249268, '249920', NULL, NULL),
(3391, 69, 15.249268, '251920', NULL, NULL),
(3392, 69, 15.249268, '253920', NULL, NULL),
(3393, 69, 15.053764, '255920', NULL, NULL),
(3394, 69, 15.053764, '257920', NULL, NULL),
(3395, 69, 14.956013, '259920', NULL, NULL),
(3396, 69, 14.956013, '261920', NULL, NULL),
(3397, 69, 14.956013, '263920', NULL, NULL),
(3398, 69, 14.956013, '265920', NULL, NULL),
(3399, 69, 14.956013, '267920', NULL, NULL),
(3400, 69, 14.858261, '269920', NULL, NULL),
(3401, 69, 14.858261, '271920', NULL, NULL),
(3402, 69, 14.858261, '273920', NULL, NULL),
(3403, 69, 14.858261, '275920', NULL, NULL),
(3404, 69, 14.858261, '277920', NULL, NULL),
(3405, 69, 14.858261, '279920', NULL, NULL),
(3406, 69, 14.760508, '281920', NULL, NULL),
(3407, 69, 14.858261, '283920', NULL, NULL),
(3408, 69, 14.858261, '285920', NULL, NULL),
(3409, 69, 14.662756, '287920', NULL, NULL),
(3410, 69, 14.662756, '289920', NULL, NULL),
(3411, 69, 14.760508, '291920', NULL, NULL),
(3412, 69, 14.662756, '293920', NULL, NULL),
(3413, 69, 14.662756, '295920', NULL, NULL),
(3414, 69, 14.662756, '297920', NULL, NULL),
(3415, 69, 14.662756, '299920', NULL, NULL),
(3416, 69, 14.662756, '301920', NULL, NULL),
(3417, 69, 14.662756, '303920', NULL, NULL),
(3418, 69, 14.565004, '305920', NULL, NULL),
(3419, 69, 14.565004, '307920', NULL, NULL),
(3420, 69, 14.662756, '309920', NULL, NULL),
(3421, 69, 14.565004, '311920', NULL, NULL),
(3422, 69, 14.467253, '313920', NULL, NULL),
(3423, 69, 14.565004, '315920', NULL, NULL),
(3424, 69, 14.565004, '317920', NULL, NULL),
(3425, 69, 14.565004, '319920', NULL, NULL),
(3426, 69, 14.467253, '321920', NULL, NULL),
(3427, 69, 14.467253, '323920', NULL, NULL),
(3428, 69, 14.467253, '325920', NULL, NULL),
(3429, 69, 14.467253, '327920', NULL, NULL),
(3430, 69, 14.467253, '329920', NULL, NULL),
(3431, 69, 14.271749, '331920', NULL, NULL),
(3432, 69, 14.173998, '333920', NULL, NULL),
(3433, 69, 14.369501, '335920', NULL, NULL),
(3434, 69, 14.076246, '337920', NULL, NULL),
(3435, 69, 14.173998, '339920', NULL, NULL),
(3436, 69, 14.076246, '341920', NULL, NULL),
(3437, 69, 14.076246, '343920', NULL, NULL),
(3438, 69, 14.076246, '345920', NULL, NULL),
(3439, 69, 14.173998, '347920', NULL, NULL),
(3440, 69, 14.760508, '349920', NULL, NULL),
(3441, 69, 14.565004, '351920', NULL, NULL),
(3442, 69, 14.076246, '353920', NULL, NULL),
(3443, 69, 14.076246, '355920', NULL, NULL),
(3444, 69, 14.076246, '357920', NULL, NULL),
(3445, 69, 14.467253, '359920', NULL, NULL),
(3446, 69, 14.271749, '361920', NULL, NULL),
(3447, 69, 13.880743, '363920', NULL, NULL),
(3448, 69, 13.880743, '365920', NULL, NULL),
(3449, 69, 13.880743, '367920', NULL, NULL),
(3450, 69, 14.271749, '369920', NULL, NULL),
(3451, 69, 13.880743, '371920', NULL, NULL),
(3452, 69, 13.782991, '373920', NULL, NULL),
(3453, 69, 13.880743, '375920', NULL, NULL),
(3454, 69, 14.173998, '377920', NULL, NULL),
(3455, 69, 13.782991, '379920', NULL, NULL),
(3456, 69, 13.782991, '381920', NULL, NULL),
(3457, 69, 13.587488, '383920', NULL, NULL),
(3458, 69, 13.880743, '385920', NULL, NULL),
(3459, 69, 13.489737, '387920', NULL, NULL),
(3460, 69, 13.587488, '389920', NULL, NULL),
(3461, 69, 13.489737, '391920', NULL, NULL),
(3462, 69, 13.880743, '393920', NULL, NULL),
(3463, 69, 13.391985, '395920', NULL, NULL),
(3464, 69, 13.489737, '397920', NULL, NULL),
(3465, 69, 13.391985, '399920', NULL, NULL),
(3466, 69, 13.587488, '401920', NULL, NULL),
(3467, 69, 13.489737, '403920', NULL, NULL),
(3468, 69, 13.391985, '405920', NULL, NULL),
(3469, 69, 13.391985, '407920', NULL, NULL),
(3470, 69, 13.489737, '409920', NULL, NULL),
(3471, 69, 13.391985, '411920', NULL, NULL),
(3472, 69, 13.294233, '413920', NULL, NULL),
(3473, 69, 13.391985, '415920', NULL, NULL),
(3474, 69, 13.391985, '417920', NULL, NULL),
(3475, 69, 13.294233, '419920', NULL, NULL),
(3476, 69, 13.294233, '421920', NULL, NULL),
(3477, 69, 13.294233, '423920', NULL, NULL),
(3478, 69, 13.391985, '425920', NULL, NULL),
(3479, 69, 13.294233, '427920', NULL, NULL),
(3480, 69, 13.19648, '429920', NULL, NULL),
(3481, 69, 13.19648, '431920', NULL, NULL),
(3482, 69, 13.19648, '433920', NULL, NULL),
(3483, 69, 13.294233, '435920', NULL, NULL),
(3484, 69, 13.294233, '437920', NULL, NULL),
(3485, 69, 13.19648, '439920', NULL, NULL),
(3486, 69, 13.19648, '441920', NULL, NULL),
(3487, 69, 13.19648, '443920', NULL, NULL),
(3488, 69, 13.19648, '445920', NULL, NULL),
(3489, 69, 13.294233, '447920', NULL, NULL),
(3490, 69, 13.19648, '449920', NULL, NULL),
(3491, 69, 13.19648, '451920', NULL, NULL),
(3492, 69, 13.098728, '453920', NULL, NULL),
(3493, 69, 13.19648, '455920', NULL, NULL),
(3494, 69, 13.19648, '457920', NULL, NULL),
(3495, 69, 13.098728, '459920', NULL, NULL),
(3496, 69, 13.098728, '461920', NULL, NULL),
(3497, 69, 13.098728, '463920', NULL, NULL),
(3498, 69, 13.19648, '465920', NULL, NULL),
(3499, 69, 13.098728, '467920', NULL, NULL),
(3500, 69, 13.000977, '469920', NULL, NULL),
(3501, 69, 13.098728, '471920', NULL, NULL),
(3502, 69, 13.000977, '473920', NULL, NULL),
(3503, 69, 13.000977, '475920', NULL, NULL),
(3504, 69, 44.672531, '477920', NULL, NULL),
(3505, 69, 39.39394, '479920', NULL, NULL),
(3506, 69, 34.604107, '481920', NULL, NULL),
(3507, 69, 30.694038, '483920', NULL, NULL),
(3508, 69, 27.663734, '485920', NULL, NULL),
(3509, 69, 25.317692, '487920', NULL, NULL),
(3510, 69, 23.558163, '489920', NULL, NULL),
(3511, 69, 22.28739, '491920', NULL, NULL),
(3512, 69, 21.212122, '493920', NULL, NULL),
(3513, 69, 20.430107, '495920', NULL, NULL),
(3514, 69, 19.745846, '497920', NULL, NULL),
(3515, 69, 19.159334, '499920', NULL, NULL),
(3516, 69, 18.572824, '501920', NULL, NULL),
(3517, 69, 18.27957, '503920', NULL, NULL),
(3518, 69, 18.084066, '505920', NULL, NULL),
(3519, 69, 17.69306, '507920', NULL, NULL),
(3520, 69, 17.204302, '509920', NULL, NULL),
(3521, 69, 17.008799, '511920', NULL, NULL),
(3522, 69, 16.715544, '513920', NULL, NULL),
(3523, 69, 16.617792, '515920', NULL, NULL),
(3524, 69, 16.422289, '517920', NULL, NULL),
(3525, 69, 16.129032, '519920', NULL, NULL),
(3526, 69, 15.933529, '521920', NULL, NULL),
(3527, 69, 15.835777, '523920', NULL, NULL),
(3528, 69, 15.835777, '525920', NULL, NULL),
(3529, 69, 15.640274, '527920', NULL, NULL),
(3530, 69, 15.444771, '529920', NULL, NULL),
(3531, 69, 15.444771, '531920', NULL, NULL),
(3532, 69, 15.347019, '533920', NULL, NULL),
(3533, 69, 15.053764, '535920', NULL, NULL),
(3534, 69, 14.956013, '537920', NULL, NULL),
(3535, 69, 14.858261, '539920', NULL, NULL),
(3536, 69, 14.760508, '541920', NULL, NULL),
(3537, 69, 14.760508, '543920', NULL, NULL),
(3538, 69, 14.662756, '545920', NULL, NULL),
(3539, 69, 14.662756, '547920', NULL, NULL),
(3540, 69, 14.662756, '549920', NULL, NULL),
(3541, 69, 14.565004, '551920', NULL, NULL),
(3542, 69, 14.565004, '553920', NULL, NULL),
(3543, 69, 14.467253, '555920', NULL, NULL),
(3544, 69, 14.271749, '557920', NULL, NULL),
(3545, 69, 14.173998, '559920', NULL, NULL),
(3546, 69, 14.076246, '561920', NULL, NULL),
(3547, 69, 14.076246, '563920', NULL, NULL),
(3548, 69, 13.880743, '565920', NULL, NULL),
(3549, 69, 13.880743, '567920', NULL, NULL),
(3550, 69, 14.076246, '569920', NULL, NULL),
(3551, 69, 13.880743, '571920', NULL, NULL),
(3552, 69, 13.68524, '573920', NULL, NULL),
(3553, 69, 13.489737, '575920', NULL, NULL),
(3554, 69, 13.782991, '577920', NULL, NULL),
(3555, 69, 13.489737, '579920', NULL, NULL),
(3556, 69, 13.391985, '581920', NULL, NULL),
(3557, 69, 13.391985, '583920', NULL, NULL),
(3558, 69, 13.489737, '585920', NULL, NULL),
(3559, 69, 13.391985, '587920', NULL, NULL),
(3560, 69, 13.294233, '589920', NULL, NULL),
(3561, 69, 13.294233, '591920', NULL, NULL),
(3562, 69, 13.294233, '593920', NULL, NULL),
(3563, 69, 13.19648, '595920', NULL, NULL),
(3564, 69, 13.19648, '597920', NULL, NULL),
(3565, 69, 13.19648, '599920', NULL, NULL),
(3566, 69, 13.19648, '601920', NULL, NULL),
(3567, 69, 13.19648, '603920', NULL, NULL),
(3568, 69, 13.19648, '605920', NULL, NULL),
(3569, 69, 13.098728, '607920', NULL, NULL),
(3570, 69, 13.098728, '609920', NULL, NULL),
(3571, 69, 13.098728, '611920', NULL, NULL),
(3572, 69, 13.098728, '613920', NULL, NULL),
(3573, 69, 13.19648, '615920', NULL, NULL),
(3574, 69, 13.19648, '617920', NULL, NULL),
(3575, 69, 13.098728, '619920', NULL, NULL),
(3576, 69, 13.098728, '621920', NULL, NULL),
(3577, 69, 13.000977, '623920', NULL, NULL),
(3578, 69, 13.000977, '625920', NULL, NULL),
(3579, 69, 13.000977, '627920', NULL, NULL),
(3580, 69, 13.000977, '629920', NULL, NULL),
(3581, 69, 13.000977, '631920', NULL, NULL),
(3582, 69, 13.000977, '633920', NULL, NULL),
(3583, 69, 13.000977, '635920', NULL, NULL),
(3584, 69, 12.903225, '637920', NULL, NULL),
(3585, 69, 13.000977, '639920', NULL, NULL),
(3586, 69, 13.000977, '641920', NULL, NULL),
(3587, 69, 12.903225, '643920', NULL, NULL),
(3588, 69, 13.000977, '645920', NULL, NULL),
(3589, 69, 12.903225, '647920', NULL, NULL),
(3590, 69, 12.903225, '649920', NULL, NULL),
(3591, 69, 13.000977, '651920', NULL, NULL),
(3592, 69, 12.903225, '653920', NULL, NULL),
(3593, 69, 12.707722, '655920', NULL, NULL),
(3594, 69, 12.707722, '657920', NULL, NULL),
(3595, 69, 12.707722, '659920', NULL, NULL),
(3596, 69, 12.707722, '661920', NULL, NULL),
(3597, 69, 12.707722, '663920', NULL, NULL),
(3598, 69, 12.707722, '665920', NULL, NULL),
(3599, 69, 12.707722, '667920', NULL, NULL),
(3600, 69, 12.707722, '669920', NULL, NULL),
(3601, 69, 12.707722, '671920', NULL, NULL),
(3602, 69, 12.903225, '673920', NULL, NULL),
(3603, 69, 13.000977, '675920', NULL, NULL),
(3604, 69, 12.903225, '677920', NULL, NULL),
(3605, 69, 12.903225, '679920', NULL, NULL),
(3606, 69, 12.903225, '681920', NULL, NULL),
(3607, 69, 12.707722, '683920', NULL, NULL),
(3608, 69, 12.707722, '685920', NULL, NULL),
(3609, 69, 12.707722, '687920', NULL, NULL),
(3610, 69, 12.60997, '689920', NULL, NULL),
(3611, 69, 12.60997, '691920', NULL, NULL),
(3612, 69, 12.512218, '693920', NULL, NULL),
(3613, 69, 12.512218, '695920', NULL, NULL),
(3614, 69, 12.512218, '697920', NULL, NULL),
(3615, 69, 12.512218, '699920', NULL, NULL),
(3616, 69, 12.512218, '701920', NULL, NULL),
(3617, 69, 12.512218, '703920', NULL, NULL),
(3618, 69, 12.512218, '705920', NULL, NULL),
(3619, 69, 12.512218, '707920', NULL, NULL),
(3620, 69, 12.512218, '709920', NULL, NULL),
(3621, 69, 12.512218, '711920', NULL, NULL),
(3622, 69, 12.512218, '713920', NULL, NULL),
(3623, 69, 12.512218, '715920', NULL, NULL),
(3624, 69, 12.512218, '717920', NULL, NULL),
(3625, 69, 12.512218, '719920', NULL, NULL),
(3626, 69, 12.60997, '721920', NULL, NULL),
(3627, 69, 12.60997, '723920', NULL, NULL),
(3628, 69, 12.60997, '725920', NULL, NULL),
(3629, 69, 12.512218, '727920', NULL, NULL),
(3630, 69, 12.512218, '729920', NULL, NULL),
(3631, 69, 12.512218, '731920', NULL, NULL),
(3632, 69, 12.414467, '733920', NULL, NULL),
(3633, 69, 12.414467, '735920', NULL, NULL),
(3634, 69, 12.414467, '737920', NULL, NULL),
(3635, 69, 12.414467, '739920', NULL, NULL),
(3636, 69, 12.414467, '741920', NULL, NULL),
(3637, 69, 12.512218, '743920', NULL, NULL),
(3638, 69, 12.512218, '745920', NULL, NULL),
(3639, 69, 12.512218, '747920', NULL, NULL),
(3640, 69, 12.512218, '749920', NULL, NULL),
(3641, 69, 12.414467, '751920', NULL, NULL),
(3642, 69, 12.414467, '753920', NULL, NULL),
(3643, 69, 12.414467, '755920', NULL, NULL),
(3644, 69, 12.414467, '757920', NULL, NULL),
(3645, 69, 12.414467, '759920', NULL, NULL),
(3646, 69, 12.512218, '761920', NULL, NULL),
(3647, 69, 12.414467, '763920', NULL, NULL),
(3648, 69, 12.414467, '765920', NULL, NULL),
(3649, 69, 12.414467, '767920', NULL, NULL),
(3650, 69, 12.414467, '769920', NULL, NULL),
(3651, 69, 12.414467, '771920', NULL, NULL),
(3652, 69, 12.414467, '773920', NULL, NULL),
(3653, 69, 12.414467, '775920', NULL, NULL),
(3654, 69, 29.130009, '777920', NULL, NULL),
(3655, 69, 26.78397, '779920', NULL, NULL),
(3656, 69, 24.144672, '781920', NULL, NULL),
(3657, 69, 21.896383, '783920', NULL, NULL),
(3658, 69, 20.234604, '785920', NULL, NULL),
(3659, 69, 19.061583, '787920', NULL, NULL),
(3660, 69, 18.181818, '789920', NULL, NULL),
(3661, 69, 17.302053, '791920', NULL, NULL),
(3662, 69, 16.715544, '793920', NULL, NULL),
(3663, 69, 16.226784, '795920', NULL, NULL),
(3664, 69, 15.933529, '797920', NULL, NULL),
(3665, 69, 15.640274, '799920', NULL, NULL),
(3666, 69, 15.347019, '801920', NULL, NULL),
(3667, 69, 15.053764, '803920', NULL, NULL),
(3668, 69, 14.956013, '805920', NULL, NULL),
(3669, 69, 14.760508, '807920', NULL, NULL),
(3670, 69, 14.662756, '809920', NULL, NULL),
(3671, 69, 14.565004, '811920', NULL, NULL),
(3672, 69, 14.173998, '813920', NULL, NULL);

-- --------------------------------------------------------

--
-- Cấu trúc bảng cho bảng `permission`
--

CREATE TABLE `permission` (
  `id` int(10) UNSIGNED NOT NULL,
  `device_id` int(10) UNSIGNED NOT NULL,
  `codeCard` varchar(50) DEFAULT NULL,
  `nameCard` varchar(255) DEFAULT NULL
) ENGINE=InnoDB DEFAULT CHARSET=utf8mb4;

--
-- Đang đổ dữ liệu cho bảng `permission`
--

INSERT INTO `permission` (`id`, `device_id`, `codeCard`, `nameCard`) VALUES
(19, 96, '153495179', 'vlcau chuoi');

--
-- Chỉ mục cho các bảng đã đổ
--

--
-- Chỉ mục cho bảng `account`
--
ALTER TABLE `account`
  ADD PRIMARY KEY (`id`),
  ADD UNIQUE KEY `username` (`username`);

--
-- Chỉ mục cho bảng `device`
--
ALTER TABLE `device`
  ADD PRIMARY KEY (`id`),
  ADD KEY `owner_id` (`owner_id`);

--
-- Chỉ mục cho bảng `device_info`
--
ALTER TABLE `device_info`
  ADD PRIMARY KEY (`id`),
  ADD KEY `device_id` (`device_id`);

--
-- Chỉ mục cho bảng `permission`
--
ALTER TABLE `permission`
  ADD PRIMARY KEY (`id`),
  ADD KEY `device_id` (`device_id`);

--
-- AUTO_INCREMENT cho các bảng đã đổ
--

--
-- AUTO_INCREMENT cho bảng `account`
--
ALTER TABLE `account`
  MODIFY `id` int(10) UNSIGNED NOT NULL AUTO_INCREMENT, AUTO_INCREMENT=3;

--
-- AUTO_INCREMENT cho bảng `device`
--
ALTER TABLE `device`
  MODIFY `id` int(10) UNSIGNED NOT NULL AUTO_INCREMENT, AUTO_INCREMENT=104;

--
-- AUTO_INCREMENT cho bảng `device_info`
--
ALTER TABLE `device_info`
  MODIFY `id` int(10) UNSIGNED NOT NULL AUTO_INCREMENT, AUTO_INCREMENT=3673;

--
-- AUTO_INCREMENT cho bảng `permission`
--
ALTER TABLE `permission`
  MODIFY `id` int(10) UNSIGNED NOT NULL AUTO_INCREMENT, AUTO_INCREMENT=20;

--
-- Các ràng buộc cho các bảng đã đổ
--

--
-- Các ràng buộc cho bảng `device`
--
ALTER TABLE `device`
  ADD CONSTRAINT `device_ibfk_1` FOREIGN KEY (`owner_id`) REFERENCES `account` (`id`);

--
-- Các ràng buộc cho bảng `device_info`
--
ALTER TABLE `device_info`
  ADD CONSTRAINT `device_info_ibfk_1` FOREIGN KEY (`device_id`) REFERENCES `device` (`id`);

--
-- Các ràng buộc cho bảng `permission`
--
ALTER TABLE `permission`
  ADD CONSTRAINT `permission_ibfk_1` FOREIGN KEY (`device_id`) REFERENCES `device` (`id`);
COMMIT;

/*!40101 SET CHARACTER_SET_CLIENT=@OLD_CHARACTER_SET_CLIENT */;
/*!40101 SET CHARACTER_SET_RESULTS=@OLD_CHARACTER_SET_RESULTS */;
/*!40101 SET COLLATION_CONNECTION=@OLD_COLLATION_CONNECTION */;
